reference	byzantine_reading	receptus_reading
Matthew 2:11	ευρον	ειδον
Matthew 2:23	ναζαρετ	ναζαρεθ
Matthew 4:13	ναζαρετ	ναζαρεθ
Matthew 9:18		εις
Matthew 9:33	οτι	
Matthew 10:10	ραβδον	ραβδους
Matthew 10:25	βεελζεβουλ	βεελζεβουβ
Matthew 11:21	βηθσαιδαν	βηθσαιδα
Matthew 13:24	σπειροντι	σπειραντι
Matthew 18:30	αλλα	αλλ
Matthew 21:7	επεκαθισεν	επεκαθισαν
Matthew 21:11	ναζαρετ	ναζαρεθ
Matthew 23:13	ουαι	ουαι δε
Matthew 23:14	ουαι δε	ουαι
Matthew 24:15	εστος	εστως
Mark 1:9	ναζαρετ	ναζαρεθ
Mark 4:18	ουτοι εισιν	
Mark 5:5	διαπαντος	δια παντος
Mark 5:38		και
Mark 6:9	ενδυσησθε	ενδυσασθαι
Mark 6:25	εξ αυτης	εξαυτης
Mark 6:29	τω	
Mark 6:45	βηθσαιδαν	βηθσαιδα
Mark 6:53	γενησαρετ	γεννησαρετ
Mark 8:14		οι μαθηται
Mark 8:22	βηθσαιδαν	βηθσαιδα
Mark 8:24	οτι	
Mark 8:24	ορω	
Mark 9:38		εν
Mark 9:40	υμων υπερ υμων	ημων υπερ ημων
Mark 9:42		τουτων
Mark 10:25	εισελθειν	διελθειν
Mark 12:20		ουν
Mark 13:9	σταθησεσθε	αχθησεσθε
Mark 13:14	εστος	εστως
Mark 15:3		αυτος δε ουδεν απεκρινατο
Luke 1:26	ναζαρετ	ναζαρεθ
Luke 1:35		εκ σου
Luke 2:4	ναζαρετ	ναζαρεθ
Luke 2:22	αυτων	αυτης
Luke 2:25	συμεων	σιμεων
Luke 2:34	συμεων	σιμεων
Luke 2:39	ναζαρετ	ναζαρεθ
Luke 2:51	ναζαρετ	ναζαρεθ
Luke 3:30	συμεων	σιμεων
Luke 3:31	μαιναν	μεναμ
Luke 4:16	ναζαρετ	ναζαρεθ
Luke 6:9	τι	τι
Luke 6:34	ελπιζετε	ελπιζητε
Luke 6:37	και	
Luke 7:12		ην
Luke 8:29	παρηγγελλεν	παρηγγειλεν
Luke 8:31	παρεκαλει	παρεκαλουν
Luke 10:6		ο
Luke 10:19	αδικηση	αδικησει
Luke 10:22	και στραφεις προς τους μαθητας ειπεν	
Luke 12:20	αφρων	αφρον
Luke 12:56	της γης και του ουρανου	του ουρανου και της γης
Luke 15:26	αυτου	
Luke 16:8	την	
Luke 17:35		η
Luke 17:36		δυο εσονται εν τω αγρω ο εις παραληφθησεται και ο ετερος αφεθησεται
Luke 20:31		και
Luke 20:32	δε	
Luke 22:42	παρενεγκειν	παρενεγκε
Luke 22:45		αυτου
Luke 24:53	διαπαντος	δια παντος
John 1:45	ναζαρετ	ναζαρεθ
John 1:46	ναζαρετ	ναζαρεθ
John 4:37	ο	
John 5:5	τριακονταοκτω	τριακοντα και οκτω
John 6:28	ποιουμεν	ποιωμεν
John 8:6		μη προσποιουμενος
John 8:42	ουν	
John 9:21	αυτου	αυτου
John 12:6	αλλ	αλλα
John 13:31		ουν
John 16:25	αλλ	
John 16:33	εχετε	εξετε
John 18:15	ο	
John 18:24		ουν
John 19:7		του
John 19:31		επει παρασκευη ην
John 19:31	επει παρασκευη ην	
Acts 1:4		μετ αυτων
Acts 1:24	ενα ον	ον ενα
Acts 3:3	λαβειν	
Acts 4:32	ουδε	ουδ
Acts 5:12	εγενετο	εγινετο
Acts 7:16	συχεμ	σιχεμ
Acts 7:16	εμμορ	εμορ
Acts 7:16	συχεμ	σιχεμ
Acts 7:26	τε	δε
Acts 7:44	εν	
Acts 8:13	σημεια και δυναμεις μεγαλας γινομενας	δυναμεις και σημεια γινομενα
Acts 8:19	αν	εαν
Acts 8:28	και	
Acts 9:35	σαρωναν	σαρωνα
Acts 10:2	διαπαντος	δια παντος
Acts 10:38	ναζαρετ	ναζαρεθ
Acts 14:8	περιπεπατηκει	περιεπεπατηκει
Acts 14:17	και τοι γε	καιτοιγε
Acts 15:32	τε	δε
Acts 17:25	κατα	και τα
Acts 17:27	αρα γε	αραγε
Acts 19:27	δε	τε
Acts 19:33	προβαλοντων	προβαλλοντων
Acts 20:32	τανυν	τα νυν
Acts 21:4	τους	
Acts 21:8	ηλθον	ηλθομεν
Acts 22:25	προετεινεν	προετειναν
Acts 23:16	το ενεδρον	την ενεδραν
Acts 24:13	με	
Acts 24:16	διαπαντος	δια παντος
Acts 24:18	δε	
Acts 24:19	δει	εδει
Acts 25:5		ατοπον
Acts 26:3		ειδως
Acts 26:18	του	και
Acts 26:20	απαγγελλων	απηγγελλον
Acts 27:3		τους
Acts 27:22	τανυν	τα νυν
Acts 27:29	εκπεσωσιν	εκπεσωμεν
Romans 1:27	αρρενες	αρσενες
Romans 7:6	αποθανοντες	αποθανοντος
Romans 8:11	το ενοικουν αυτου πνευμα	του ενοικουντος αυτου πνευματος
Romans 11:10	διαπαντος	δια παντος
Romans 12:11	καιρω	κυριω
Romans 16:20		αμην
Romans 16:27	ω	
Romans 16:27	ρωμαιους εγραφη απο κορινθου δια φοιβης της διακονου της εν κεγχρεαις εκκλησιας]	
1 Corinthians 5:7	ετυθη	εθυθη
1 Corinthians 5:11	η	η
1 Corinthians 7:29		οτι
1 Corinthians 13:2	ουθεν	ουδεν
1 Corinthians 14:10	αυτων	
1 Corinthians 15:31	ημετεραν	υμετεραν
1 Corinthians 16:24	κορινθιους πρωτη εγραφη απο φιλιππων δια στεφανα και φουρτουνατου και αχαικου και τιμοθεου]	
2 Corinthians 3:1	ει	η
2 Corinthians 5:4	επειδη	εφ ω
2 Corinthians 6:15	βελιαρ	βελιαλ
2 Corinthians 7:12	υμων	ημων
2 Corinthians 7:12	ημων	υμων
2 Corinthians 7:16		ουν
2 Corinthians 11:10	σφραγισεται	φραγησεται
2 Corinthians 11:16	μηγε	μη γε
2 Corinthians 13:4		και
2 Corinthians 13:14	κορινθιους δευτερα εγραφη απο φιλιππων της μακεδονιας δια τιτου και λουκα]	
Galatians 3:8	ενευλογηθησονται	ευλογηθησονται
Galatians 6:18	γαλατας εγραφη απο ρωμης]	
Ephesians 1:3		εν
Ephesians 6:7		ως
Ephesians 6:24	αμην	
Ephesians 6:24	εφεσιους εγραφη απο ρωμης δια τυχικου]	
Philippians 1:30	ιδετε	ειδετε
Philippians 4:2	ευωδιαν	ευοδιαν
Philippians 4:12	δε	και
Philippians 4:23	φιλιππησιους εγραφη απο ρωμης δι επαφροδιτου]	
Colossians 1:2	κολασσαις	κολοσσαις
Colossians 1:24		ος
Colossians 2:13	συνεζωποιησεν	συνεζωοποιησεν
Colossians 2:13	ημιν	υμιν
Colossians 4:10		
Colossians 4:18	κολασσαεις εγραφη απο ρωμης δια τυχικου και ονησιμου]	
1 Thessalonians 1:9	εχομεν	εσχομεν
1 Thessalonians 2:15	υμας	ημας
1 Thessalonians 3:10	υπερ εκπερισσου	υπερ εκ περισσου
1 Thessalonians 5:13	υπερ εκπερισσου	υπερ εκ περισσου
1 Thessalonians 5:28	θεσσαλονικεις πρωτη εγραφη απο αθηνων]	
2 Thessalonians 2:4	παντα λεγομενον	παν το λεγομενον
2 Thessalonians 3:5	υπομονην	την υπομονην
2 Thessalonians 3:18	θεσσαλονικεις δευτερα εγραφη απο αθηνων]	
1 Timothy 1:2	χριστου ιησου	ιησου χριστου
1 Timothy 1:4	οικονομιαν	οικοδομιαν
1 Timothy 3:2	νηφαλεον	νηφαλιον
1 Timothy 3:11	νηφαλεους	νηφαλιους
1 Timothy 6:21	τιμοθεον πρωτη εγραφη απο λαοδικειας ητις εστιν μητροπολις φρυγιας της πακατιανης]	
2 Timothy 1:5	ευνεικη	ευνικη
2 Timothy 4:13	φαιλονην	φελονην
2 Timothy 4:22	τιμοθεον δευτερα της εφεσιων εκκλησιας πρωτον επισκοπον χειροτονηθεντα εγραφη απο ρωμης οτε εκ δευτερου παρεστη παυλος τω καισαρι νερωνι]	
Titus 2:10	υμων	ημων
Titus 3:15	τιτον της κρητων εκκλησιας πρωτον επισκοπον χειροτονηθεντα εγραφη απο νικοπολεως της μακεδονιας]	
Philemon 1:7	χαριν	χαραν
Philemon 1:25	φιλημονα εγραφη απο ρωμης δια ονησιμου οικετου]	
Hebrews 4:15	πεπειραμενον	πεπειρασμενον
Hebrews 6:10	ενεδειξασθε	ενδειξασθε
Hebrews 9:1	σκηνη	
Hebrews 9:6	διαπαντος	δια παντος
Hebrews 10:10	οι	
Hebrews 11:4	λαλειται	λαλει
Hebrews 12:24	τον	το
Hebrews 13:15	διαπαντος	δια παντος
Hebrews 13:25	εβραιους εγραφη απο της ιταλιας δια τιμοθεου]	
James 2:18	εκ	χωρις
James 4:13	και	η
James 4:13	πορευσωμεθα	πορευσομεθα
James 4:13	ποιησωμεν	ποιησομεν
James 4:13	εμπορευσωμεθα και κερδησωμεν	εμπορευσομεθα και κερδησομεν
James 4:15	ζησωμεν και ποιησωμεν	ζησομεν και ποιησομεν
James 5:9		ο
James 5:12	εις υποκρισιν	υπο κρισιν
1 Peter 1:4	ημας	υμας
1 Peter 1:8	ειδοτες	ιδοντες
1 Peter 3:21	ο	ω
1 Peter 4:8		η
2 Peter 1:1	συμεων	σιμων
2 Peter 1:1		ημων
2 Peter 1:21	οι	
2 Peter 2:9	πειρασμου	πειρασμων
2 Peter 2:18		εν
2 Peter 3:7	αυτου	τω αυτω
1 John 1:4	ημων	υμων
1 John 1:5	επαγγελια	αγγελια
1 John 2:23		ο ομολογων τον υιον και τον πατερα εχει
1 John 3:16		του θεου
2 John 1:3	ημων	υμων
2 John 1:5	γραφω	γραφων
3 John 1:7		αυτου
Jude 1:12		υμιν
Jude 1:19		εαυτους
Jude 1:24	αυτους	υμας
Revelation 1:11		επτα
Revelation 2:5	ταχει	ταχυ
Revelation 2:14	εν τω	τον
Revelation 3:1		επτα
Revelation 3:12	η καταβαινουσα	η καταβαινει
Revelation 4:3	ομοιος	ομοια
Revelation 5:11		ην ο αριθμος αυτων μυριαδες μυριαδων και
Revelation 7:2	αναβαντα	αναβαινοντα
Revelation 7:3	σφραγιζωμεν	σφραγισωμεν
Revelation 7:10		θεω ημων τω
Revelation 7:10	του θεου ημων	
Revelation 7:14	στολας αυτων	αυτας
Revelation 8:6		οι
Revelation 8:11		των υδατων
Revelation 9:11	εφ αυτων	επ αυτων
Revelation 9:19	αι γαρ εξουσιαι	η γαρ εξουσια
Revelation 9:19	εισιν	εστιν και εν ταις ουραις αυτων
Revelation 9:20	ουτε	ου
Revelation 11:1		και ο αγγελος ειστηκει
Revelation 11:2	εσωθεν	εξωθεν
Revelation 11:4		αι
Revelation 11:14		και
Revelation 13:3	εθαυμασθη εν ολη τη γη	εθαυμασεν ολη η γη
Revelation 14:7		την
Revelation 14:13	απαρτι	απ αρτι
Revelation 14:18		αμπελου της
Revelation 15:3		του
Revelation 16:5	οσιος	εσομενος
Revelation 16:14	εκπορευεσθαι	α εκπορευεται
Revelation 16:14		τον
Revelation 17:4	η	ην
Revelation 17:8		το
Revelation 18:1		αλλον
Revelation 18:5	ηκολουθησαν	εκολληθησαν
Revelation 19:14		τα
Revelation 19:16	αυτου το ονομα	αυτου ονομα
Revelation 19:18		τε
Revelation 20:4	τα	
Revelation 21:13		και
Revelation 21:20	ενατος	εννατος
